model,fold,auroc
svm,0,0.9024547803617571
svm,1,0.7448320413436692
svm,2,0.859457671957672
svm,3,0.8538205980066444
svm,4,0.8551495016611296
