model,fold,auroc
logreg,0,0.8662790697674418
logreg,1,0.7906976744186045
logreg,2,0.8683862433862434
logreg,3,0.8126245847176079
logreg,4,0.8172757475083057
