model,fold,auroc
rf,0,0.9263565891472868
rf,1,0.8452842377260982
rf,2,0.8898809523809523
rf,3,0.8411960132890366
rf,4,0.8488372093023256
