sex,auroc,sensitivity,precision,f1
M,0.8694503171247357,1.0,0.7166666666666667,0.8349514563106796
F,0.9024390243902438,1.0,0.7735849056603774,0.8723404255319149
